<?xml version="1.0" encoding="UTF-8"?>
<project-private xmlns="http://www.netbeans.org/ns/project-private/1">
    <data xmlns="http://www.netbeans.org/ns/make-project-private/1">
        <activeConfTypeElem>3</activeConfTypeElem>
        <activeConfIndexElem>0</activeConfIndexElem>
    </data>
    <editor-bookmarks xmlns="http://www.netbeans.org/ns/editor-bookmarks/2" lastBookmarkId="0"/>
    <open-files xmlns="http://www.netbeans.org/ns/projectui-open-files/2">
        <group name="Labo3_Solutions">
            <file>file:/home/etudiant/Bureau/Labo9/Solution_Labo9/Source/Employe.cpp</file>
            <file>file:/home/etudiant/Bureau/Labo9/Solution_Labo9/Source/Employe.h</file>
            <file>file:/home/etudiant/Bureau/Labo9/Solution_Labo9/Source/EmployeTesteur.cpp</file>
        </group>
        <group>
            <file>file:/home/etudiant/Desktop/tp3/tp3-integration-equipe-31/SourceF/registreBorne.cpp</file>
            <file>file:/home/etudiant/Desktop/tp3/tp3-integration-equipe-31/SourceF/RegistreBorne.h</file>
        </group>
    </open-files>
</project-private>
