<?xml version="1.0" encoding="UTF-8"?>
<configurationDescriptor version="100">
  <logicalFolder name="root" displayName="root" projectFiles="true" kind="ROOT">
    <logicalFolder name="HeaderFiles"
                   displayName="Header Files"
                   projectFiles="true">
      <itemPath>Borne.h</itemPath>
      <itemPath>BorneException.h</itemPath>
      <itemPath>BorneFontaine.h</itemPath>
      <itemPath>BorneStationnement.h</itemPath>
      <itemPath>ContratException.h</itemPath>
      <itemPath>RegistreBorne.h</itemPath>
      <itemPath>ValidationFormate.h</itemPath>
    </logicalFolder>
    <logicalFolder name="ResourceFiles"
                   displayName="Resource Files"
                   projectFiles="true">
    </logicalFolder>
    <logicalFolder name="SourceFiles"
                   displayName="Source Files"
                   projectFiles="true">
      <itemPath>Borne.cpp</itemPath>
      <itemPath>BorneFontaine.cpp</itemPath>
      <itemPath>BorneStationnement.cpp</itemPath>
      <itemPath>ContratException.cpp</itemPath>
      <itemPath>ValidationFormate.cpp</itemPath>
      <itemPath>registreBorne.cpp</itemPath>
    </logicalFolder>
    <logicalFolder name="TestFiles"
                   displayName="Test Files"
                   projectFiles="false"
                   kind="TEST_LOGICAL_FOLDER">
      <logicalFolder name="f2"
                     displayName="BorneFontaineTesteur"
                     projectFiles="true"
                     kind="TEST">
        <itemPath>tests/BorneFontaineTesteur.cpp</itemPath>
      </logicalFolder>
      <logicalFolder name="f3"
                     displayName="BorneStationnementTesteur"
                     projectFiles="true"
                     kind="TEST">
        <itemPath>tests/BorneStationnementTesteur.cpp</itemPath>
      </logicalFolder>
      <logicalFolder name="f1"
                     displayName="BorneTesteur"
                     projectFiles="true"
                     kind="TEST">
        <itemPath>tests/BorneTesteur.cpp</itemPath>
      </logicalFolder>
      <logicalFolder name="f4"
                     displayName="RegistreBorneTesteur"
                     projectFiles="true"
                     kind="TEST">
        <itemPath>tests/RegistreBorneTesteur.cpp</itemPath>
      </logicalFolder>
    </logicalFolder>
    <logicalFolder name="ExternalFiles"
                   displayName="Important Files"
                   projectFiles="false"
                   kind="IMPORTANT_FILES_FOLDER">
      <itemPath>Makefile</itemPath>
    </logicalFolder>
  </logicalFolder>
  <projectmakefile>Makefile</projectmakefile>
  <confs>
    <conf name="Debug" type="3">
      <toolsSet>
        <compilerSet>default</compilerSet>
        <dependencyChecking>true</dependencyChecking>
        <rebuildPropChanged>false</rebuildPropChanged>
      </toolsSet>
      <compileType>
        <archiverTool>
        </archiverTool>
      </compileType>
      <item path="Borne.cpp" ex="false" tool="1" flavor2="0">
      </item>
      <item path="Borne.h" ex="false" tool="3" flavor2="0">
      </item>
      <item path="BorneException.h" ex="false" tool="3" flavor2="0">
      </item>
      <item path="BorneFontaine.cpp" ex="false" tool="1" flavor2="0">
      </item>
      <item path="BorneFontaine.h" ex="false" tool="3" flavor2="0">
      </item>
      <item path="BorneStationnement.cpp" ex="false" tool="1" flavor2="0">
      </item>
      <item path="BorneStationnement.h" ex="false" tool="3" flavor2="0">
      </item>
      <item path="ContratException.cpp" ex="false" tool="1" flavor2="0">
      </item>
      <item path="ContratException.h" ex="false" tool="3" flavor2="0">
      </item>
      <item path="RegistreBorne.h" ex="false" tool="3" flavor2="0">
      </item>
      <item path="ValidationFormate.cpp" ex="false" tool="1" flavor2="0">
      </item>
      <item path="ValidationFormate.h" ex="false" tool="3" flavor2="0">
      </item>
      <folder path="TestFiles">
        <ccTool>
          <incDir>
            <pElem>/usr/src/gtest/include</pElem>
          </incDir>
        </ccTool>
        <linkerTool>
          <linkerLibItems>
            <linkerLibLibItem>gtest_main</linkerLibLibItem>
            <linkerLibLibItem>gtest</linkerLibLibItem>
            <linkerLibStdlibItem>PosixThreads</linkerLibStdlibItem>
          </linkerLibItems>
        </linkerTool>
      </folder>
      <folder path="TestFiles/f1">
        <cTool>
          <incDir>
            <pElem>.</pElem>
          </incDir>
        </cTool>
        <ccTool>
          <incDir>
            <pElem>.</pElem>
          </incDir>
        </ccTool>
        <linkerTool>
          <output>${TESTDIR}/TestFiles/f1</output>
        </linkerTool>
      </folder>
      <folder path="TestFiles/f2">
        <cTool>
          <incDir>
            <pElem>.</pElem>
          </incDir>
        </cTool>
        <ccTool>
          <incDir>
            <pElem>.</pElem>
          </incDir>
        </ccTool>
        <linkerTool>
          <output>${TESTDIR}/TestFiles/f2</output>
        </linkerTool>
      </folder>
      <folder path="TestFiles/f3">
        <cTool>
          <incDir>
            <pElem>.</pElem>
          </incDir>
        </cTool>
        <ccTool>
          <incDir>
            <pElem>.</pElem>
          </incDir>
        </ccTool>
        <linkerTool>
          <output>${TESTDIR}/TestFiles/f3</output>
        </linkerTool>
      </folder>
      <folder path="TestFiles/f4">
        <cTool>
          <incDir>
            <pElem>.</pElem>
          </incDir>
        </cTool>
        <ccTool>
          <incDir>
            <pElem>.</pElem>
          </incDir>
        </ccTool>
        <linkerTool>
          <output>${TESTDIR}/TestFiles/f4</output>
        </linkerTool>
      </folder>
      <item path="registreBorne.cpp" ex="false" tool="1" flavor2="0">
      </item>
      <item path="tests/BorneFontaineTesteur.cpp" ex="false" tool="1" flavor2="0">
      </item>
      <item path="tests/BorneStationnementTesteur.cpp"
            ex="false"
            tool="1"
            flavor2="0">
      </item>
      <item path="tests/BorneTesteur.cpp" ex="false" tool="1" flavor2="0">
      </item>
      <item path="tests/RegistreBorneTesteur.cpp" ex="false" tool="1" flavor2="0">
      </item>
    </conf>
    <conf name="Release" type="3">
      <toolsSet>
        <compilerSet>default</compilerSet>
        <dependencyChecking>true</dependencyChecking>
        <rebuildPropChanged>false</rebuildPropChanged>
      </toolsSet>
      <compileType>
        <cTool>
          <developmentMode>5</developmentMode>
        </cTool>
        <ccTool>
          <developmentMode>5</developmentMode>
        </ccTool>
        <fortranCompilerTool>
          <developmentMode>5</developmentMode>
        </fortranCompilerTool>
        <asmTool>
          <developmentMode>5</developmentMode>
        </asmTool>
        <archiverTool>
        </archiverTool>
      </compileType>
      <item path="Borne.cpp" ex="false" tool="1" flavor2="0">
      </item>
      <item path="Borne.h" ex="false" tool="3" flavor2="0">
      </item>
      <item path="BorneException.h" ex="false" tool="3" flavor2="0">
      </item>
      <item path="BorneFontaine.cpp" ex="false" tool="1" flavor2="0">
      </item>
      <item path="BorneFontaine.h" ex="false" tool="3" flavor2="0">
      </item>
      <item path="BorneStationnement.cpp" ex="false" tool="1" flavor2="0">
      </item>
      <item path="BorneStationnement.h" ex="false" tool="3" flavor2="0">
      </item>
      <item path="ContratException.cpp" ex="false" tool="1" flavor2="0">
      </item>
      <item path="ContratException.h" ex="false" tool="3" flavor2="0">
      </item>
      <item path="RegistreBorne.h" ex="false" tool="3" flavor2="0">
      </item>
      <item path="ValidationFormate.cpp" ex="false" tool="1" flavor2="0">
      </item>
      <item path="ValidationFormate.h" ex="false" tool="3" flavor2="0">
      </item>
      <folder path="TestFiles/f1">
        <cTool>
          <incDir>
            <pElem>.</pElem>
          </incDir>
        </cTool>
        <ccTool>
          <incDir>
            <pElem>.</pElem>
          </incDir>
        </ccTool>
        <linkerTool>
          <output>${TESTDIR}/TestFiles/f1</output>
        </linkerTool>
      </folder>
      <folder path="TestFiles/f2">
        <cTool>
          <incDir>
            <pElem>.</pElem>
          </incDir>
        </cTool>
        <ccTool>
          <incDir>
            <pElem>.</pElem>
          </incDir>
        </ccTool>
        <linkerTool>
          <output>${TESTDIR}/TestFiles/f2</output>
        </linkerTool>
      </folder>
      <folder path="TestFiles/f3">
        <cTool>
          <incDir>
            <pElem>.</pElem>
          </incDir>
        </cTool>
        <ccTool>
          <incDir>
            <pElem>.</pElem>
          </incDir>
        </ccTool>
        <linkerTool>
          <output>${TESTDIR}/TestFiles/f3</output>
        </linkerTool>
      </folder>
      <folder path="TestFiles/f4">
        <cTool>
          <incDir>
            <pElem>.</pElem>
          </incDir>
        </cTool>
        <ccTool>
          <incDir>
            <pElem>.</pElem>
          </incDir>
        </ccTool>
        <linkerTool>
          <output>${TESTDIR}/TestFiles/f4</output>
        </linkerTool>
      </folder>
      <item path="registreBorne.cpp" ex="false" tool="1" flavor2="0">
      </item>
      <item path="tests/BorneFontaineTesteur.cpp" ex="false" tool="1" flavor2="0">
      </item>
      <item path="tests/BorneStationnementTesteur.cpp"
            ex="false"
            tool="1"
            flavor2="0">
      </item>
      <item path="tests/BorneTesteur.cpp" ex="false" tool="1" flavor2="0">
      </item>
      <item path="tests/RegistreBorneTesteur.cpp" ex="false" tool="1" flavor2="0">
      </item>
    </conf>
  </confs>
</configurationDescriptor>
